week,career_name,urdu_name,category,entry_salary_pkr,mid_salary_pkr,senior_salary_pkr,remote_usd_yearly,required_skills,education_needed,certifications_helpful,day_in_life,first_step_today,pakistan_companies_hiring,growth_outlook
1,Software Developer,سافٹ ویئر ڈیولپر,Engineering,50000-80000,150000-250000,300000-500000,40000-120000,"JavaScript/Python,Git,Problem Solving,Data Structures",Degree helpful but not required,"AWS,Azure,Google Cloud","Morning standup|Code features|Code review|Debug issues|Team meetings|Documentation",Create a GitHub account and push your first code project,"Systems Limited,Netsol,10Pearls,Arbisoft,VentureDive",Very High - Always in demand
2,Data Analyst,ڈیٹا اینالسٹ,Data,40000-70000,100000-180000,200000-350000,35000-90000,"Excel,SQL,Python/R,Tableau/PowerBI,Statistics",Degree in any field + skills,"Google Data Analytics,IBM Data Analyst",Morning data review|Build dashboards|Write SQL queries|Present insights|Stakeholder meetings,Complete Google Data Analytics Certificate on Coursera (free audit),"Jazz,Telenor,Banks,Careem,Daraz",High - Data-driven decisions growing
3,UI/UX Designer,یو آئی یو ایکس ڈیزائنر,Design,45000-75000,120000-200000,250000-400000,40000-100000,"Figma,User Research,Wireframing,Prototyping,Design Thinking",Portfolio more important than degree,"Google UX Design,Nielsen Norman",User research|Wireframing|Prototyping|User testing|Design handoff|Team collaboration,Redesign one app screen and post on Behance or Dribbble,"Airlift (alumni),Bazaar,Bykea,Cowlar,Remotebase",High - Product focus increasing
4,DevOps Engineer,ڈیو آپس انجینئر,Engineering,60000-100000,180000-300000,350000-600000,50000-150000,"Linux,Docker,Kubernetes,CI/CD,AWS/Azure,Scripting",CS degree helpful but bootcamps work,AWS/Azure/GCP certifications,Morning alerts review|Deploy updates|Infrastructure monitoring|Automation scripts|Security updates|On-call rotation,Set up a Linux VM and learn basic commands,"Ibex,TPS,Avanza,NCR,Teradata",Very High - Cloud adoption growing
5,Product Manager,پراڈکٹ مینیجر,Management,70000-120000,200000-350000,400000-700000,60000-180000,"Communication,Analytics,Strategy,Agile,SQL basics,User empathy",MBA helpful but not required,Product Management certifications,Stakeholder meetings|Roadmap planning|User interviews|Sprint planning|Data analysis|Cross-team coordination,Read 'Inspired' by Marty Cagan and analyze 3 apps you use daily,"Careem,Daraz,Foodpanda,Jazz,Easypaisa",High - Tech companies maturing
6,QA Engineer,کیو اے انجینئر,Engineering,40000-60000,80000-150000,180000-300000,30000-80000,"Testing methodologies,Selenium,API testing,Bug tracking,SQL,Attention to detail",Degree or bootcamp,"ISTQB,Selenium certification",Write test cases|Execute tests|Log bugs|Regression testing|Automation scripts|Release verification,Learn manual testing basics and test any app - document 5 bugs,"NetSol,Inbox,Folio3,Tkxel,Systems",Stable - Essential role
7,AI/ML Engineer,اے آئی ایم ایل انجینئر,AI/Data,80000-150000,250000-400000,500000-800000,80000-200000,"Python,TensorFlow/PyTorch,Math/Stats,Data Processing,MLOps",Strong CS/Math background recommended,TensorFlow/AWS ML certifications,Data preprocessing|Model training|Experimentation|Model deployment|Performance monitoring|Research,Complete Andrew Ng's Machine Learning course on Coursera (free audit),"Afiniti,TeraData,Data Pilot,RetailIQ,Mindstorm",Very High - AI adoption accelerating
8,Cybersecurity Analyst,سائبر سیکیورٹی,Security,60000-100000,150000-280000,300000-500000,50000-150000,"Network security,SIEM tools,Threat analysis,Compliance,Scripting",Degree + certifications valued,"CompTIA Security+,CEH,CISSP",Monitor security alerts|Threat hunting|Incident response|Vulnerability assessment|Security training|Policy updates,Set up a home lab and practice on TryHackMe or HackTheBox (free tiers),"Banks,Telecom,Government,i2c,MTBC",Very High - Critical shortage
9,Cloud Engineer,کلاؤڈ انجینئر,Engineering,70000-120000,180000-300000,350000-600000,60000-180000,"AWS/Azure/GCP,Linux,Networking,IaC (Terraform),Containers",CS background helpful,AWS/Azure/GCP certifications (essential),Infrastructure management|Cost optimization|Migration projects|Security configuration|Automation|Capacity planning,Create AWS free tier account and deploy a simple website,"Jazz,Telenor,Banks,MNCs,Consulting firms",Very High - Cloud-first strategy
10,Technical Writer,ٹیکنیکل رائٹر,Content,40000-60000,80000-150000,150000-250000,30000-80000,"Writing skills,Technical understanding,Documentation tools,Markdown,API knowledge",Any degree + writing skills,Google Technical Writing courses,Write documentation|Review with engineers|Update guides|Create tutorials|Manage doc site|User feedback,Write documentation for any open source project on GitHub,"Confluent,GitLab remote,Atlassian remote,Local tech companies",Growing - Documentation valued
11,Full Stack Developer,فل سٹیک ڈیولپر,Engineering,60000-100000,180000-300000,350000-550000,50000-140000,"Frontend (React/Vue),Backend (Node/Python),Databases,APIs,DevOps basics",Bootcamp or self-taught works,AWS/Cloud certifications,"Frontend work|Backend APIs|Database queries|Deployment|Code review|Full feature development",Build a full-stack project with React frontend and Node backend,"Arbisoft,Venturedive,Netsol,Techlogix,10Pearls",Very High - Versatile role
12,Data Engineer,ڈیٹا انجینئر,Data/Engineering,70000-120000,180000-300000,350000-600000,60000-160000,"Python,SQL,ETL tools,Spark,Cloud platforms,Data modeling",CS/Engineering background helpful,Cloud data certifications (AWS/GCP),Build data pipelines|ETL processes|Data warehouse|Performance tuning|Data quality|Cross-team support,Learn SQL deeply and build a data pipeline project,"Jazz,Careem,Daraz,Banks,Analytics companies",Very High - Data infrastructure critical
