country,urdu_name,tech_strength,key_initiatives,what_pakistan_can_learn,opportunities_for_pakistanis,visa_options,notable_companies,fun_fact
UAE/Dubai,یو اے ای/دبئی,Digital government fintech smart city,Dubai Internet City AI strategy 2031 Golden Visa for tech,Speed of digital transformation public-private partnerships,Dubai tech jobs remote work for UAE companies visit visa easy,Golden Visa work visa tourist visa,Careem (acquired) Souq (acquired) Noon Talabat,Dubai aims to be AI capital by 2031 - massive investments
India,بھارت,Startup ecosystem scale IT services,Startup India Digital India UPI payments,Scale mindset frugal innovation talent pipelines,Learning from Indian tech content hiring for Indian companies remotely,Work visa needed (difficult) remote work possible,Infosys TCS Wipro Flipkart Ola Paytm,India has 100+ unicorn startups - more than UK and Germany
Estonia,ایسٹونیا,E-governance digital ID e-residency,X-Road digital infrastructure 99% services online,Government digitization citizen-centric design,E-residency for running EU business remote work,E-residency (not visa but business) tourist visa,Skype (founded here) TransferWise Bolt,You can vote start a business and file taxes online in Estonia
Singapore,سنگاپور,Smart nation AI governance fintech hub,Smart Nation initiative world's first AI governance,Small country big ambition regulatory innovation,Tech jobs (competitive) startup ecosystem visit easy,Employment pass work holiday visa,Grab Lazada Razer Sea Group,Singapore has highest AI readiness score in APAC
Germany,جرمنی,Industry 4.0 engineering manufacturing tech,Industrie 4.0 strong manufacturing + digital,Engineering culture precision quality standards,Blue card for skilled workers freelance visa,Blue card freelance visa job seeker visa,SAP Siemens Bosch Zalando Delivery Hero,Germany gives 18-month job seeker visa for qualified graduates
USA,امریکہ,Innovation ecosystem venture capital big tech,Silicon Valley culture Stanford MIT innovation,Risk-taking culture failure acceptance VC ecosystem,Remote work for US companies H1B lottery O1 visa,H1B O1 EB5 investor (expensive),Google Apple Meta Amazon Microsoft,Silicon Valley companies funded by immigrants at 50%+ rate
UK,برطانیہ,Fintech AI research regulatory balance,AI Safety Institute fintech hub,Balanced regulation research excellence,Scale-up visa global talent visa,Global Talent visa skilled worker,Revolut Monzo DeepMind ARM,London has more fintech unicorns than any city except SF and Beijing
Canada,کینیڈا,Immigration friendly tech talent AI research,Express Entry for tech global talent stream,Immigration as growth strategy AI research investment,Express Entry PNP programs study then work,Express Entry LMIA work permit,Shopify OpenText Lightspeed,Canada has fastest immigration for tech workers - 2 weeks processing
Saudi Arabia,سعودی عرب,Vision 2030 mega projects tech investment,NEOM Line City tech investment billions,Oil to tech transition massive investment courage,Increasing tech jobs Premium residency,Work visa Premium residency,NEOM projects STC local startups,Saudi Arabia investing $6.4B in AI under Vision 2030
Malaysia,ملائیشیا,Digital economy similar demographics startup hub,Malaysia Digital Economy Blueprint,Similar challenges different solutions regional hub,MM2H visa tech jobs moderate cost,MM2H DE Rantau (digital nomad),Grab (regional HQ) AirAsia BigPay,Malaysia offers 1-year digital nomad visa - great for remote workers
Turkey,ترکی,Regional tech hub entrepreneurship,Startup ecosystem bridges East-West,Regional thinking entrepreneurship culture,Nomad visa startup visa,Turquoise Card digital nomad,Getir Peak Games Hepsiburada,Turkey tech ecosystem growing 30%+ yearly - great for learning
China,چین,AI manufacturing scale speed,AI leadership manufacturing dominance,Speed of execution scale mindset,Learning Chinese opens opportunities limited visa,Business visa study visa (limited),Alibaba Tencent ByteDance Huawei,China files more AI patents than rest of world combined
