category,tip_title,urdu_title,problem_it_solves,step_by_step,why_it_works,pakistan_context,tools_needed,difficulty
mobile,Clear App Cache Weekly,ایپ کیش صاف کریں,Phone running slow and storage full,1. Go to Settings 2. Apps 3. Select app 4. Storage 5. Clear Cache,Cache builds up and slows phone - clearing frees space and speed,Budget phones have limited storage - this is free speed boost,Any Android/iPhone,Easy
mobile,Use Lite Versions of Apps,لائٹ ورژن استعمال کریں,Apps using too much data and battery,1. Uninstall Facebook 2. Install Facebook Lite 3. Same for other apps,Lite apps use 50-70% less data and battery,Data packages are expensive - save money with lite apps,Play Store/App Store,Easy
mobile,Download YouTube Videos on WiFi,یوٹیوب آف لائن ڈاؤنلوڈ,Can't watch videos due to slow data,1. Connect to WiFi 2. Open YouTube 3. Tap download button 4. Watch offline anytime,WiFi usually faster - download when free then watch anywhere,Use office/cafe WiFi to download - watch at home,YouTube app,Easy
mobile,Enable Data Saver Mode,ڈیٹا سیور آن کریں,Data finishing too quickly,1. Settings 2. Network 3. Data Saver 4. Turn ON,Compresses data and blocks background usage,1GB package will last longer - save money,Phone settings,Easy
mobile,Use Split Screen for Learning,سپلٹ سکرین سیکھنے کے لیے,Hard to take notes while watching tutorial,1. Open YouTube 2. Recent apps 3. Hold app icon 4. Split top 5. Open Notes in bottom,Watch tutorial and take notes simultaneously,Perfect for mobile learners - no laptop needed,Any Android,Medium
mobile,Keyboard Shortcuts for Faster Typing,کی بورڈ شارٹ کٹس,Typing common phrases takes too long,1. Settings 2. Language & Input 3. Personal dictionary 4. Add shortcuts like 'em' for email,Type abbreviation and it expands to full text,Freelancers can reply faster to clients,Gboard/Any keyboard,Easy
computer,Disable Startup Programs,سٹارٹ اپ پروگرام بند کریں,Computer takes forever to start,1. Ctrl+Shift+Esc 2. Startup tab 3. Disable unnecessary apps 4. Restart,Fewer programs at startup means faster boot,Old laptops become usable again,Task Manager (Windows),Easy
computer,Use Multiple Desktops,ملٹیپل ڈیسک ٹاپس,Too many windows open gets confusing,1. Win+Tab 2. New Desktop 3. Organize work on different desktops 4. Swipe to switch,Keep work browser and personal browser separate,Great for focus - separate work and personal,Windows 10/11,Medium
computer,Keyboard Master Shortcuts,کی بورڈ شارٹ کٹس,Mouse clicking wastes time,Ctrl+C copy|Ctrl+V paste|Ctrl+Z undo|Ctrl+S save|Alt+Tab switch|Win+D desktop,10x faster than mouse for common actions,Every second saved adds up - more productive freelancing,Any computer,Easy
computer,Browser Tab Management,براؤزر ٹیب مینجمنٹ,100 tabs open eating RAM,1. Right-click tab 2. 'Send to group' 3. Color code groups 4. Collapse when not needed,Organized tabs use less memory and easier to find,Low RAM laptops perform better,Chrome/Edge,Easy
computer,Dust Your Laptop Fan Monthly,لیپ ٹاپ فین صاف کریں,Laptop overheating and shutting down,1. Turn off laptop 2. Use compressed air or soft brush 3. Clean vents 4. Do monthly,Dust blocks airflow causing overheating,Pakistan dust + heat = laptop killer - prevention is key,Compressed air or brush,Easy
computer,Use SSD Instead of HDD,ایس ایس ڈی لگوائیں,Old laptop too slow to use,1. Buy 240GB SSD (around 6000 PKR) 2. Clone or fresh install Windows 3. 5x faster laptop,SSD is 5-10x faster than HDD,Best upgrade for old laptops - like new computer,SSD + screwdriver,Medium
hardware,UPS for Load Shedding,یو پی ایس لازمی,Work interrupted during power cuts,1. Buy 1000VA UPS (15-20K PKR) 2. Connect computer 3. Get 30-60 min backup,Saves work during sudden power cuts,Load shedding reality - UPS is investment not expense,UPS device,Medium
hardware,Phone as WiFi Extender,فون بطور وائی فائی ایکسٹینڈر,WiFi weak in some rooms,1. Connect phone to WiFi 2. Enable hotspot 3. Connect laptop to hotspot,Phone acts as signal booster,Avoid buying expensive extender - use old phone,Any smartphone,Easy
hardware,External Keyboard for Laptop,ایکسٹرنل کی بورڈ,Laptop keyboard uncomfortable or broken,1. Buy basic USB keyboard (1500-3000 PKR) 2. Plug in 3. Better typing experience,Proper keyboard reduces strain and increases speed,Cheaper than repairing laptop keyboard,USB keyboard,Easy
software,Use Browser Instead of Apps,براؤزر استعمال کریں,Too many apps filling storage,1. Uninstall Facebook app 2. Use facebook.com in browser 3. Pin to home screen,Browser versions use less storage and work same,Save 500MB+ storage on budget phones,Any browser,Easy
software,Free Alternatives to Paid Software,مفت سافٹ ویئر,Can't afford Photoshop/Office,Photoshop→GIMP/Canva|Office→LibreOffice/Google Docs|Premiere→DaVinci Resolve,Free software does 90% of what paid does,No need to pirate - legal free options exist,Various free software,Easy
software,Use Grammarly Free Version,گرامرلی فری,English grammar mistakes in writing,1. Install Grammarly extension 2. Works on all websites 3. Fixes basic errors free,AI checks grammar as you type,Improve English writing for free - better freelance proposals,Grammarly extension,Easy
