context,urdu_phrase,roman_urdu,english_translation,when_to_use
greeting_start,السلام علیکم پاکستان,Assalam-u-Alaikum Pakistan,Peace be upon you Pakistan,Opening the show
greeting_welcome,خوش آمدید,Khush Aamdeed,Welcome,Welcoming listeners
greeting_return,واپسی پر خوش آمدید,Wapsi par khush aamdeed,Welcome back,After a break
encouragement,آپ ضرور کر سکتے ہیں,Aap zaroor kar sakte hain,You can definitely do it,Motivating listeners
encouragement,ہمت نہ ہاریں,Himmat na harein,Don't lose courage,When discussing challenges
encouragement,کوشش جاری رکھیں,Koshish jaari rakhein,Keep trying,When discussing failures
empathy,آپ اکیلے نہیں ہیں,Aap akele nahi hain,You are not alone,When discussing common struggles
empathy,ہم سمجھتے ہیں,Hum samajhte hain,We understand,Acknowledging difficulties
emphasis,یہ بہت ضروری ہے,Yeh bohat zaroori hai,This is very important,Highlighting key points
emphasis,دھیان سے سنیے,Dhyan se suniye,Listen carefully,Before important information
emphasis,یاد رکھیں,Yaad rakhein,Remember this,Key takeaways
transition,اب بات کرتے ہیں,Ab baat karte hain,Now let's talk about,Moving to next topic
transition,چلیں آگے بڑھتے ہیں,Chalein aagey barhte hain,Let's move forward,Transitioning segments
transition,اس سے پہلے,Is se pehle,Before this,Connecting to previous point
cultural,جیسے ہمارے گھر میں,Jaise hamare ghar mein,Like in our homes,Making relatable examples
cultural,بازار کی طرح,Bazaar ki tarah,Like the market,Business analogies
cultural,چائے کی طرح,Chai ki tarah,Like tea,Everyday analogies
question,آپ کا کیا خیال ہے,Aap ka kya khyaal hai,What do you think,Engaging audience
question,کبھی سوچا ہے,Kabhi socha hai,Have you ever thought,Rhetorical questions
question,سمجھ آئی,Samajh aayi,Did you understand,Checking comprehension
closing,اللہ حافظ,Allah Hafiz,God protect you,Saying goodbye
closing,پھر ملیں گے,Phir milenge,We'll meet again,Episode ending
closing,اگلی بار تک,Agli baar tak,Until next time,Episode ending
celebration,مبارک ہو,Mubarik ho,Congratulations,Celebrating achievements
celebration,شاباش,Shabaash,Well done,Praising success
celebration,واہ واہ,Wah wah,Wonderful,Expressing amazement
warning,ہوشیار رہیں,Hoshiyar rahein,Stay alert,Security warnings
warning,احتیاط کریں,Ehtiyat karein,Be careful,Scam warnings
connection,دل سے بات کرتے ہیں,Dil se baat karte hain,Let's talk from the heart,Personal moments
connection,آپ کے ساتھ,Aap ke saath,With you,Building rapport
humor,مذاق نہیں سچ ہے,Mazaaq nahi sach hai,Not joking it's true,Surprising facts
humor,یقین نہیں آئے گا,Yaqeen nahi aayega,You won't believe it,Amazing statistics
call_to_action,ابھی کریں,Abhi karein,Do it now,Immediate action
call_to_action,آج ہی شروع کریں,Aaj hi shuru karein,Start today,Motivation to begin
call_to_action,ہمیں بتائیں,Humein batayein,Tell us,Engagement request
tagline,سوچیں بہتر,Sochein behtar,Think better,Show tagline part 1
tagline,فیصلہ کریں سمارٹر,Faisla karein smarter,Decide smarter,Show tagline part 2
tagline,آگے بڑھیں,Aagey barhein,Move forward,Show tagline part 3
signature,بڑھتے چلو,Bharte chalo,Keep moving forward,Show name/motto
